common_voice_sv-SE_18763607.wav	211968	48000
common_voice_sv-SE_18748718.wav	97920	48000
common_voice_sv-SE_18762261.wav	108288	48000
common_voice_sv-SE_18761706.wav	254592	48000
common_voice_sv-SE_18844980.wav	91008	48000
common_voice_sv-SE_18850867.wav	141696	48000
common_voice_sv-SE_18713029.wav	145152	48000
common_voice_sv-SE_18742564.wav	119808	48000
common_voice_sv-SE_18853574.wav	167040	48000
common_voice_sv-SE_18774421.wav	110592	48000
common_voice_sv-SE_18775049.wav	116352	48000
common_voice_sv-SE_18742127.wav	125568	48000
common_voice_sv-SE_18774354.wav	172800	48000
common_voice_sv-SE_18774338.wav	101376	48000
common_voice_sv-SE_18748676.wav	115200	48000
common_voice_sv-SE_18762311.wav	137088	48000
common_voice_sv-SE_18742098.wav	133632	48000
common_voice_sv-SE_18774304.wav	210816	48000
common_voice_sv-SE_18742198.wav	119808	48000
common_voice_sv-SE_18748434.wav	182016	48000
common_voice_sv-SE_18845283.wav	96768	48000
common_voice_sv-SE_18715533.wav	150912	48000
common_voice_sv-SE_18762217.wav	208512	48000
common_voice_sv-SE_18741637.wav	156672	48000
common_voice_sv-SE_18844859.wav	119808	48000
common_voice_sv-SE_18741870.wav	133632	48000
common_voice_sv-SE_18741798.wav	225792	48000
common_voice_sv-SE_18856060.wav	137088	48000
common_voice_sv-SE_18715507.wav	119808	48000
common_voice_sv-SE_18845453.wav	91008	48000
common_voice_sv-SE_18831469.wav	210816	48000
common_voice_sv-SE_18831478.wav	223488	48000
common_voice_sv-SE_18741846.wav	165888	48000
common_voice_sv-SE_18742303.wav	99072	48000
common_voice_sv-SE_18741907.wav	116352	48000
common_voice_sv-SE_18851230.wav	125568	48000
common_voice_sv-SE_18761729.wav	156672	48000
common_voice_sv-SE_18855986.wav	105984	48000
common_voice_sv-SE_18848626.wav	235008	48000
common_voice_sv-SE_18774373.wav	176256	48000
common_voice_sv-SE_18774374.wav	120960	48000
common_voice_sv-SE_18762195.wav	122112	48000
common_voice_sv-SE_18855921.wav	139392	48000
common_voice_sv-SE_18741585.wav	145152	48000
common_voice_sv-SE_18845122.wav	179712	48000
common_voice_sv-SE_18774244.wav	133632	48000
common_voice_sv-SE_18713229.wav	129024	48000
common_voice_sv-SE_18715396.wav	163584	48000
common_voice_sv-SE_18748654.wav	157824	48000
common_voice_sv-SE_18748457.wav	140544	48000
common_voice_sv-SE_18745651.wav	230400	48000
common_voice_sv-SE_18741955.wav	125568	48000
common_voice_sv-SE_18742023.wav	110592	48000
common_voice_sv-SE_18742295.wav	93312	48000
common_voice_sv-SE_18741681.wav	173952	48000
common_voice_sv-SE_18710589.wav	138240	48000
common_voice_sv-SE_18774291.wav	163584	48000
common_voice_sv-SE_18741980.wav	165888	48000
common_voice_sv-SE_18852868.wav	138240	48000
common_voice_sv-SE_18860757.wav	131328	48000
common_voice_sv-SE_18748319.wav	130176	48000
common_voice_sv-SE_18748765.wav	132480	48000
common_voice_sv-SE_18853565.wav	336384	48000
common_voice_sv-SE_18847660.wav	139392	48000
common_voice_sv-SE_18774347.wav	167040	48000
common_voice_sv-SE_18845151.wav	114048	48000
common_voice_sv-SE_18742730.wav	145152	48000
common_voice_sv-SE_18742453.wav	127872	48000
common_voice_sv-SE_18762362.wav	122112	48000
common_voice_sv-SE_18855103.wav	125568	48000
common_voice_sv-SE_18858697.wav	150912	48000
common_voice_sv-SE_18754045.wav	195840	48000
common_voice_sv-SE_18858701.wav	122112	48000
common_voice_sv-SE_18715535.wav	145152	48000
common_voice_sv-SE_18851273.wav	167040	48000
common_voice_sv-SE_18716986.wav	194688	48000
common_voice_sv-SE_18748111.wav	196992	48000
common_voice_sv-SE_18856063.wav	157824	48000
common_voice_sv-SE_18745612.wav	145152	48000
common_voice_sv-SE_18770488.wav	119808	48000
common_voice_sv-SE_18847699.wav	127872	48000
common_voice_sv-SE_18742286.wav	137088	48000
common_voice_sv-SE_18845209.wav	177408	48000
common_voice_sv-SE_18741678.wav	125568	48000
common_voice_sv-SE_18712282.wav	138240	48000
common_voice_sv-SE_18855973.wav	210816	48000
common_voice_sv-SE_18845270.wav	137088	48000
common_voice_sv-SE_18860704.wav	180864	48000
common_voice_sv-SE_18741682.wav	145152	48000
common_voice_sv-SE_18855805.wav	148608	48000
common_voice_sv-SE_18748447.wav	164736	48000
common_voice_sv-SE_18844935.wav	142848	48000
common_voice_sv-SE_18711924.wav	120960	48000
common_voice_sv-SE_18844798.wav	87552	48000
common_voice_sv-SE_18845025.wav	87552	48000
common_voice_sv-SE_18858816.wav	104832	48000
common_voice_sv-SE_18748037.wav	202752	48000
common_voice_sv-SE_18762255.wav	104832	48000
common_voice_sv-SE_18853595.wav	156672	48000
common_voice_sv-SE_18715519.wav	164736	48000
common_voice_sv-SE_18855764.wav	130176	48000
common_voice_sv-SE_18748363.wav	123264	48000
common_voice_sv-SE_18742556.wav	211968	48000
common_voice_sv-SE_18845123.wav	139392	48000
common_voice_sv-SE_18715481.wav	217728	48000
common_voice_sv-SE_18856088.wav	182016	48000
common_voice_sv-SE_18831593.wav	120960	48000
common_voice_sv-SE_18774999.wav	133632	48000
common_voice_sv-SE_18715903.wav	119808	48000
common_voice_sv-SE_18847621.wav	188928	48000
common_voice_sv-SE_18855804.wav	150912	48000
common_voice_sv-SE_18742623.wav	148608	48000
common_voice_sv-SE_18851139.wav	125568	48000
common_voice_sv-SE_18741538.wav	122112	48000
common_voice_sv-SE_18762148.wav	131328	48000
common_voice_sv-SE_18761761.wav	141696	48000
common_voice_sv-SE_18848934.wav	132480	48000
common_voice_sv-SE_18743571.wav	150912	48000
common_voice_sv-SE_18746541.wav	142848	48000
common_voice_sv-SE_18741952.wav	185472	48000
common_voice_sv-SE_18847611.wav	154368	48000
common_voice_sv-SE_18742417.wav	133632	48000
common_voice_sv-SE_18762326.wav	135936	48000
common_voice_sv-SE_18845033.wav	96768	48000
common_voice_sv-SE_18860777.wav	132480	48000
common_voice_sv-SE_18774322.wav	187776	48000
common_voice_sv-SE_18786923.wav	133632	48000
common_voice_sv-SE_18761744.wav	162432	48000
common_voice_sv-SE_18858813.wav	154368	48000
common_voice_sv-SE_18786811.wav	127872	48000
common_voice_sv-SE_18850261.wav	116352	48000
common_voice_sv-SE_18742580.wav	122112	48000
common_voice_sv-SE_18762166.wav	137088	48000
common_voice_sv-SE_18856067.wav	123264	48000
common_voice_sv-SE_18742252.wav	133632	48000
common_voice_sv-SE_18741872.wav	119808	48000
common_voice_sv-SE_18845158.wav	139392	48000
common_voice_sv-SE_18741892.wav	133632	48000
common_voice_sv-SE_18844913.wav	73728	48000
common_voice_sv-SE_18845197.wav	194688	48000
common_voice_sv-SE_18780670.wav	96768	48000
common_voice_sv-SE_18762282.wav	142848	48000
common_voice_sv-SE_18715483.wav	149760	48000
common_voice_sv-SE_18741799.wav	104832	48000
common_voice_sv-SE_18844807.wav	93312	48000
common_voice_sv-SE_18845006.wav	127872	48000
common_voice_sv-SE_18786616.wav	125568	48000
common_voice_sv-SE_18762260.wav	142848	48000
common_voice_sv-SE_18860709.wav	158976	48000
common_voice_sv-SE_18748692.wav	132480	48000
common_voice_sv-SE_18716996.wav	169344	48000
common_voice_sv-SE_18741689.wav	127872	48000
common_voice_sv-SE_18746562.wav	127872	48000
common_voice_sv-SE_18855767.wav	103680	48000
common_voice_sv-SE_18741917.wav	131328	48000
common_voice_sv-SE_18855091.wav	102528	48000
common_voice_sv-SE_18715917.wav	149760	48000
common_voice_sv-SE_18712226.wav	164736	48000
common_voice_sv-SE_18851293.wav	147456	48000
common_voice_sv-SE_18855083.wav	99072	48000
common_voice_sv-SE_18747826.wav	173952	48000
common_voice_sv-SE_18860733.wav	160128	48000
common_voice_sv-SE_18742488.wav	116352	48000
common_voice_sv-SE_18741898.wav	194688	48000
common_voice_sv-SE_18861005.wav	171648	48000
common_voice_sv-SE_18737929.wav	118656	48000
common_voice_sv-SE_18748784.wav	126720	48000
common_voice_sv-SE_18748394.wav	105984	48000
common_voice_sv-SE_18742352.wav	114048	48000
common_voice_sv-SE_18855922.wav	168192	48000
common_voice_sv-SE_18858838.wav	194688	48000
common_voice_sv-SE_18847645.wav	127872	48000
common_voice_sv-SE_18852913.wav	131328	48000
common_voice_sv-SE_18844809.wav	142848	48000
common_voice_sv-SE_18845076.wav	119808	48000
common_voice_sv-SE_18748472.wav	152064	48000
common_voice_sv-SE_18786752.wav	148608	48000
common_voice_sv-SE_18831486.wav	88704	48000
common_voice_sv-SE_18845452.wav	110592	48000
common_voice_sv-SE_18848860.wav	192384	48000
common_voice_sv-SE_18742104.wav	127872	48000
common_voice_sv-SE_18852867.wav	87552	48000
common_voice_sv-SE_18741900.wav	171648	48000
common_voice_sv-SE_18741544.wav	150912	48000
common_voice_sv-SE_18856052.wav	176256	48000
common_voice_sv-SE_18748007.wav	144000	48000
common_voice_sv-SE_18852944.wav	160128	48000
common_voice_sv-SE_18844946.wav	119808	48000
common_voice_sv-SE_18741899.wav	119808	48000
common_voice_sv-SE_18742625.wav	142848	48000
common_voice_sv-SE_18741918.wav	139392	48000
common_voice_sv-SE_18860735.wav	366336	48000
common_voice_sv-SE_18762205.wav	188928	48000
common_voice_sv-SE_18712254.wav	119808	48000
common_voice_sv-SE_18745694.wav	140544	48000
common_voice_sv-SE_18748031.wav	171648	48000
common_voice_sv-SE_18742036.wav	150912	48000
common_voice_sv-SE_18748420.wav	96768	48000
common_voice_sv-SE_18860976.wav	126720	48000
common_voice_sv-SE_18748004.wav	297216	48000
common_voice_sv-SE_18861058.wav	130176	48000
common_voice_sv-SE_18762229.wav	150912	48000
common_voice_sv-SE_18741548.wav	139392	48000
common_voice_sv-SE_18844847.wav	133632	48000
common_voice_sv-SE_18844930.wav	85248	48000
common_voice_sv-SE_18743561.wav	112896	48000
common_voice_sv-SE_18860647.wav	129024	48000
common_voice_sv-SE_18741543.wav	137088	48000
common_voice_sv-SE_18858721.wav	223488	48000
common_voice_sv-SE_18786924.wav	119808	48000
common_voice_sv-SE_18742570.wav	156672	48000
common_voice_sv-SE_18742392.wav	108288	48000
common_voice_sv-SE_18852947.wav	105984	48000
common_voice_sv-SE_18851210.wav	148608	48000
common_voice_sv-SE_18741426.wav	133632	48000
common_voice_sv-SE_18732925.wav	180864	48000
common_voice_sv-SE_18858227.wav	188928	48000
common_voice_sv-SE_18741569.wav	217728	48000
common_voice_sv-SE_18715470.wav	205056	48000
common_voice_sv-SE_18742003.wav	142848	48000
common_voice_sv-SE_18741603.wav	148608	48000
common_voice_sv-SE_18748680.wav	163584	48000
common_voice_sv-SE_18845300.wav	119808	48000
common_voice_sv-SE_18742167.wav	110592	48000
common_voice_sv-SE_18774320.wav	119808	48000
common_voice_sv-SE_18843406.wav	99072	48000
common_voice_sv-SE_18847650.wav	85248	48000
common_voice_sv-SE_18774258.wav	129024	48000
common_voice_sv-SE_18845178.wav	91008	48000
common_voice_sv-SE_18845146.wav	93312	48000
common_voice_sv-SE_18762822.wav	119808	48000
common_voice_sv-SE_18741906.wav	131328	48000
common_voice_sv-SE_18774422.wav	126720	48000
common_voice_sv-SE_18745723.wav	248832	48000
common_voice_sv-SE_18742341.wav	125568	48000
common_voice_sv-SE_18856073.wav	108288	48000
common_voice_sv-SE_18852870.wav	133632	48000
common_voice_sv-SE_18845198.wav	73728	48000
common_voice_sv-SE_18742353.wav	162432	48000
common_voice_sv-SE_18780641.wav	214272	48000
common_voice_sv-SE_18854177.wav	142848	48000
common_voice_sv-SE_18742326.wav	96768	48000
common_voice_sv-SE_18860696.wav	160128	48000
common_voice_sv-SE_18761720.wav	216576	48000
common_voice_sv-SE_18780660.wav	142848	48000
common_voice_sv-SE_18774343.wav	294912	48000
common_voice_sv-SE_18741930.wav	122112	48000
common_voice_sv-SE_18854891.wav	130176	48000
common_voice_sv-SE_18741444.wav	150912	48000
common_voice_sv-SE_18844846.wav	104832	48000
common_voice_sv-SE_18844831.wav	165888	48000
common_voice_sv-SE_18774420.wav	103680	48000
common_voice_sv-SE_18786787.wav	116352	48000
common_voice_sv-SE_18844950.wav	96768	48000
common_voice_sv-SE_18860748.wav	132480	48000
common_voice_sv-SE_18742443.wav	148608	48000
common_voice_sv-SE_18745554.wav	140544	48000
common_voice_sv-SE_18788674.wav	202752	48000
common_voice_sv-SE_18851242.wav	154368	48000
common_voice_sv-SE_18774418.wav	173952	48000
common_voice_sv-SE_18854186.wav	120960	48000
common_voice_sv-SE_18861055.wav	132480	48000
common_voice_sv-SE_18710570.wav	176256	48000
common_voice_sv-SE_18737933.wav	157824	48000
common_voice_sv-SE_18836291.wav	217728	48000
common_voice_sv-SE_18775039.wav	125568	48000
common_voice_sv-SE_18845399.wav	99072	48000
common_voice_sv-SE_18742038.wav	171648	48000
common_voice_sv-SE_18845071.wav	108288	48000
common_voice_sv-SE_18742296.wav	114048	48000
common_voice_sv-SE_18845037.wav	96768	48000
common_voice_sv-SE_18861019.wav	103680	48000
common_voice_sv-SE_18745614.wav	115200	48000
common_voice_sv-SE_18762243.wav	171648	48000
common_voice_sv-SE_18732908.wav	175104	48000
common_voice_sv-SE_18746533.wav	127872	48000
common_voice_sv-SE_18848642.wav	165888	48000
common_voice_sv-SE_18741728.wav	131328	48000
common_voice_sv-SE_18856057.wav	142848	48000
common_voice_sv-SE_18715881.wav	132480	48000
common_voice_sv-SE_18742195.wav	110592	48000
common_voice_sv-SE_18861032.wav	108288	48000
common_voice_sv-SE_18741588.wav	142848	48000
common_voice_sv-SE_18762201.wav	122112	48000
common_voice_sv-SE_18858809.wav	133632	48000
common_voice_sv-SE_18712237.wav	130176	48000
common_voice_sv-SE_18745595.wav	161280	48000
common_voice_sv-SE_18845024.wav	73728	48000
common_voice_sv-SE_18859207.wav	252288	48000
common_voice_sv-SE_18741613.wav	139392	48000
common_voice_sv-SE_18741680.wav	125568	48000
common_voice_sv-SE_18858733.wav	160128	48000
common_voice_sv-SE_18845019.wav	96768	48000
common_voice_sv-SE_18845115.wav	162432	48000
common_voice_sv-SE_18742593.wav	114048	48000
common_voice_sv-SE_18858233.wav	104832	48000
common_voice_sv-SE_18858699.wav	154368	48000
common_voice_sv-SE_18845020.wav	85248	48000
common_voice_sv-SE_18748314.wav	163584	48000
common_voice_sv-SE_18845430.wav	165888	48000
common_voice_sv-SE_18851158.wav	144000	48000
common_voice_sv-SE_18713249.wav	178560	48000
common_voice_sv-SE_18848848.wav	228096	48000
common_voice_sv-SE_18851205.wav	155520	48000
common_voice_sv-SE_18845294.wav	116352	48000
common_voice_sv-SE_18711952.wav	141696	48000
common_voice_sv-SE_18844856.wav	102528	48000
common_voice_sv-SE_18896132.wav	228096	48000
common_voice_sv-SE_18748419.wav	97920	48000
common_voice_sv-SE_18852902.wav	110592	48000
common_voice_sv-SE_18715895.wav	223488	48000
common_voice_sv-SE_18732915.wav	122112	48000
common_voice_sv-SE_18858820.wav	225792	48000
common_voice_sv-SE_18741547.wav	160128	48000
common_voice_sv-SE_18853569.wav	199296	48000
common_voice_sv-SE_18847852.wav	116352	48000
common_voice_sv-SE_18742551.wav	173952	48000
common_voice_sv-SE_18844833.wav	108288	48000
common_voice_sv-SE_18843434.wav	137088	48000
common_voice_sv-SE_18858040.wav	206208	48000
common_voice_sv-SE_18860724.wav	169344	48000
common_voice_sv-SE_18858810.wav	162432	48000
common_voice_sv-SE_18742293.wav	150912	48000
common_voice_sv-SE_18845010.wav	168192	48000
common_voice_sv-SE_18761737.wav	132480	48000
common_voice_sv-SE_18742145.wav	133632	48000
common_voice_sv-SE_18788675.wav	315648	48000
common_voice_sv-SE_18762374.wav	116352	48000
common_voice_sv-SE_18748512.wav	249984	48000
common_voice_sv-SE_18774268.wav	156672	48000
common_voice_sv-SE_18762173.wav	165888	48000
common_voice_sv-SE_18851223.wav	131328	48000
common_voice_sv-SE_18855982.wav	145152	48000
common_voice_sv-SE_18860730.wav	249984	48000
common_voice_sv-SE_18712310.wav	124416	48000
common_voice_sv-SE_18860622.wav	137088	48000
common_voice_sv-SE_18741525.wav	108288	48000
common_voice_sv-SE_18858801.wav	122112	48000
common_voice_sv-SE_18775056.wav	171648	48000
common_voice_sv-SE_18797086.wav	145152	48000
common_voice_sv-SE_18845083.wav	179712	48000
common_voice_sv-SE_18845326.wav	96768	48000
common_voice_sv-SE_18742419.wav	177408	48000
common_voice_sv-SE_18742592.wav	150912	48000
common_voice_sv-SE_18855756.wav	115200	48000
common_voice_sv-SE_18844986.wav	171648	48000
common_voice_sv-SE_18845436.wav	119808	48000
common_voice_sv-SE_18780602.wav	271872	48000
common_voice_sv-SE_18742256.wav	110592	48000
common_voice_sv-SE_18707942.wav	199296	48000
common_voice_sv-SE_18770424.wav	131328	48000
common_voice_sv-SE_18844841.wav	119808	48000
common_voice_sv-SE_18716998.wav	249984	48000
common_voice_sv-SE_18742608.wav	150912	48000
common_voice_sv-SE_18858747.wav	188928	48000
common_voice_sv-SE_18741596.wav	133632	48000
common_voice_sv-SE_18770428.wav	156672	48000
common_voice_sv-SE_18847716.wav	160128	48000
common_voice_sv-SE_18742316.wav	119808	48000
common_voice_sv-SE_18774357.wav	193536	48000
common_voice_sv-SE_18860731.wav	129024	48000
common_voice_sv-SE_18858805.wav	119808	48000
common_voice_sv-SE_18847711.wav	116352	48000
common_voice_sv-SE_18770427.wav	127872	48000
common_voice_sv-SE_18844818.wav	76032	48000
common_voice_sv-SE_18844951.wav	177408	48000
common_voice_sv-SE_18736931.wav	200448	48000
common_voice_sv-SE_18741871.wav	142848	48000
common_voice_sv-SE_18786713.wav	110592	48000
common_voice_sv-SE_18745635.wav	99072	48000
common_voice_sv-SE_18786913.wav	119808	48000
common_voice_sv-SE_18855990.wav	178560	48000
common_voice_sv-SE_18774401.wav	158976	48000
common_voice_sv-SE_18786756.wav	119808	48000
common_voice_sv-SE_18741978.wav	127872	48000
common_voice_sv-SE_18845323.wav	223488	48000
common_voice_sv-SE_18856032.wav	122112	48000
common_voice_sv-SE_18852933.wav	111744	48000
common_voice_sv-SE_18742051.wav	104832	48000
common_voice_sv-SE_18859209.wav	160128	48000
common_voice_sv-SE_18786772.wav	119808	48000
common_voice_sv-SE_18748382.wav	132480	48000
common_voice_sv-SE_18741495.wav	177408	48000
common_voice_sv-SE_18844849.wav	114048	48000
common_voice_sv-SE_18741751.wav	145152	48000
common_voice_sv-SE_18748367.wav	130176	48000
common_voice_sv-SE_18845113.wav	145152	48000
common_voice_sv-SE_18741787.wav	139392	48000
common_voice_sv-SE_18770482.wav	137088	48000
common_voice_sv-SE_18742125.wav	162432	48000
common_voice_sv-SE_18845014.wav	96768	48000
common_voice_sv-SE_18742449.wav	173952	48000
common_voice_sv-SE_18845092.wav	108288	48000
common_voice_sv-SE_18742148.wav	162432	48000
common_voice_sv-SE_18860955.wav	149760	48000
common_voice_sv-SE_18850862.wav	160128	48000
common_voice_sv-SE_18715908.wav	193536	48000
common_voice_sv-SE_18748369.wav	124416	48000
common_voice_sv-SE_18742631.wav	137088	48000
common_voice_sv-SE_18761722.wav	117504	48000
common_voice_sv-SE_18770445.wav	114048	48000
common_voice_sv-SE_18741742.wav	142848	48000
common_voice_sv-SE_18741565.wav	139392	48000
common_voice_sv-SE_18786796.wav	133632	48000
common_voice_sv-SE_18845255.wav	108288	48000
common_voice_sv-SE_18844811.wav	104832	48000
common_voice_sv-SE_18858744.wav	133632	48000
common_voice_sv-SE_18736941.wav	114048	48000
common_voice_sv-SE_18845201.wav	99072	48000
common_voice_sv-SE_18851240.wav	112896	48000
common_voice_sv-SE_18845078.wav	214272	48000
common_voice_sv-SE_18741524.wav	110592	48000
common_voice_sv-SE_18741672.wav	196992	48000
common_voice_sv-SE_18851239.wav	130176	48000
common_voice_sv-SE_18853007.wav	162432	48000
common_voice_sv-SE_18851021.wav	131328	48000
common_voice_sv-SE_18742596.wav	122112	48000
common_voice_sv-SE_18741532.wav	168192	48000
common_voice_sv-SE_18845119.wav	114048	48000
common_voice_sv-SE_18845319.wav	110592	48000
common_voice_sv-SE_18845117.wav	79488	48000
common_voice_sv-SE_18748780.wav	104832	48000
common_voice_sv-SE_18742545.wav	122112	48000
common_voice_sv-SE_18741474.wav	202752	48000
common_voice_sv-SE_18844933.wav	91008	48000
common_voice_sv-SE_18831533.wav	105984	48000
common_voice_sv-SE_18774427.wav	93312	48000
common_voice_sv-SE_18844993.wav	73728	48000
common_voice_sv-SE_18775053.wav	110592	48000
common_voice_sv-SE_18762337.wav	196992	48000
common_voice_sv-SE_18851174.wav	229248	48000
common_voice_sv-SE_18741546.wav	104832	48000
common_voice_sv-SE_18715906.wav	132480	48000
common_voice_sv-SE_18741645.wav	165888	48000
common_voice_sv-SE_18741831.wav	139392	48000
common_voice_sv-SE_18761742.wav	127872	48000
common_voice_sv-SE_18855996.wav	187776	48000
common_voice_sv-SE_18715822.wav	161280	48000
common_voice_sv-SE_18831531.wav	240768	48000
common_voice_sv-SE_18762279.wav	137088	48000
common_voice_sv-SE_18845311.wav	122112	48000
common_voice_sv-SE_18845318.wav	85248	48000
common_voice_sv-SE_18774243.wav	125568	48000
common_voice_sv-SE_18775055.wav	122112	48000
common_voice_sv-SE_18831487.wav	101376	48000
common_voice_sv-SE_18844917.wav	168192	48000
common_voice_sv-SE_18845007.wav	119808	48000
common_voice_sv-SE_18855943.wav	138240	48000
common_voice_sv-SE_18858713.wav	162432	48000
common_voice_sv-SE_18852866.wav	144000	48000
common_voice_sv-SE_18746554.wav	191232	48000
common_voice_sv-SE_18742414.wav	96768	48000
common_voice_sv-SE_18762247.wav	114048	48000
common_voice_sv-SE_18860682.wav	164736	48000
common_voice_sv-SE_18741421.wav	119808	48000
common_voice_sv-SE_18745585.wav	111744	48000
common_voice_sv-SE_18858236.wav	185472	48000
common_voice_sv-SE_18786689.wav	139392	48000
common_voice_sv-SE_18741693.wav	119808	48000
common_voice_sv-SE_18712369.wav	137088	48000
common_voice_sv-SE_18845176.wav	87552	48000
common_voice_sv-SE_18741875.wav	127872	48000
common_voice_sv-SE_18856087.wav	117504	48000
common_voice_sv-SE_18748370.wav	130176	48000
common_voice_sv-SE_18858752.wav	231552	48000
common_voice_sv-SE_18851254.wav	126720	48000
common_voice_sv-SE_18770426.wav	125568	48000
common_voice_sv-SE_18742332.wav	160128	48000
common_voice_sv-SE_18741830.wav	142848	48000
common_voice_sv-SE_18715500.wav	139392	48000
common_voice_sv-SE_18748507.wav	130176	48000
common_voice_sv-SE_18852858.wav	142848	48000
common_voice_sv-SE_18748455.wav	108288	48000
common_voice_sv-SE_18762371.wav	133632	48000
common_voice_sv-SE_18742126.wav	194688	48000
common_voice_sv-SE_18742482.wav	114048	48000
common_voice_sv-SE_18852855.wav	144000	48000
common_voice_sv-SE_18858829.wav	91008	48000
common_voice_sv-SE_18762245.wav	156672	48000
common_voice_sv-SE_18856059.wav	157824	48000
common_voice_sv-SE_18743590.wav	172800	48000
common_voice_sv-SE_18742628.wav	125568	48000
common_voice_sv-SE_18754055.wav	134784	48000
common_voice_sv-SE_18786793.wav	122112	48000
common_voice_sv-SE_18844991.wav	110592	48000
common_voice_sv-SE_18742336.wav	165888	48000
common_voice_sv-SE_18741552.wav	137088	48000
common_voice_sv-SE_18762315.wav	173952	48000
common_voice_sv-SE_18748485.wav	115200	48000
common_voice_sv-SE_18742497.wav	171648	48000
common_voice_sv-SE_18855860.wav	146304	48000
common_voice_sv-SE_18715498.wav	196992	48000
common_voice_sv-SE_18748734.wav	126720	48000
common_voice_sv-SE_18780608.wav	254592	48000
common_voice_sv-SE_18742384.wav	104832	48000
common_voice_sv-SE_18770475.wav	119808	48000
common_voice_sv-SE_18848829.wav	168192	48000
common_voice_sv-SE_18715858.wav	145152	48000
common_voice_sv-SE_18762373.wav	122112	48000
common_voice_sv-SE_18845164.wav	122112	48000
common_voice_sv-SE_18856081.wav	120960	48000
common_voice_sv-SE_18774967.wav	114048	48000
common_voice_sv-SE_18851386.wav	131328	48000
common_voice_sv-SE_18845473.wav	87552	48000
common_voice_sv-SE_18742026.wav	194688	48000
common_voice_sv-SE_18742727.wav	200448	48000
common_voice_sv-SE_18742322.wav	133632	48000
common_voice_sv-SE_18848862.wav	158976	48000
common_voice_sv-SE_18858754.wav	122112	48000
common_voice_sv-SE_18845144.wav	154368	48000
common_voice_sv-SE_18858797.wav	122112	48000
common_voice_sv-SE_18715834.wav	253440	48000
common_voice_sv-SE_18774998.wav	116352	48000
common_voice_sv-SE_18742547.wav	150912	48000
common_voice_sv-SE_18775007.wav	139392	48000
common_voice_sv-SE_18715499.wav	147456	48000
common_voice_sv-SE_18741508.wav	168192	48000
common_voice_sv-SE_18715397.wav	160128	48000
common_voice_sv-SE_18745533.wav	149760	48000
common_voice_sv-SE_18845027.wav	91008	48000
common_voice_sv-SE_18851191.wav	186624	48000
common_voice_sv-SE_18853589.wav	190080	48000
common_voice_sv-SE_18732902.wav	182016	48000
common_voice_sv-SE_18845105.wav	81792	48000
common_voice_sv-SE_18831565.wav	196992	48000
common_voice_sv-SE_18844959.wav	93312	48000
common_voice_sv-SE_18746532.wav	127872	48000
common_voice_sv-SE_18859211.wav	191232	48000
common_voice_sv-SE_18733515.wav	243072	48000
common_voice_sv-SE_18742131.wav	108288	48000
common_voice_sv-SE_18844949.wav	142848	48000
common_voice_sv-SE_18763636.wav	191232	48000
common_voice_sv-SE_18748450.wav	126720	48000
common_voice_sv-SE_18745693.wav	120960	48000
common_voice_sv-SE_18774305.wav	109440	48000
common_voice_sv-SE_18853008.wav	156672	48000
common_voice_sv-SE_18748384.wav	140544	48000
common_voice_sv-SE_18742327.wav	104832	48000
common_voice_sv-SE_18848937.wav	138240	48000
common_voice_sv-SE_18853596.wav	175104	48000
common_voice_sv-SE_18742272.wav	196992	48000
common_voice_sv-SE_18742041.wav	119808	48000
common_voice_sv-SE_18851027.wav	240768	48000
common_voice_sv-SE_18748513.wav	131328	48000
common_voice_sv-SE_18780640.wav	185472	48000
common_voice_sv-SE_18775006.wav	142848	48000
common_voice_sv-SE_18736932.wav	148608	48000
common_voice_sv-SE_18860756.wav	146304	48000
common_voice_sv-SE_18845454.wav	91008	48000
common_voice_sv-SE_18786618.wav	150912	48000
common_voice_sv-SE_18741566.wav	116352	48000
common_voice_sv-SE_18741530.wav	156672	48000
common_voice_sv-SE_18853579.wav	176256	48000
common_voice_sv-SE_18845106.wav	104832	48000
common_voice_sv-SE_18860746.wav	84096	48000
common_voice_sv-SE_18853587.wav	194688	48000
common_voice_sv-SE_18748516.wav	127872	48000
common_voice_sv-SE_18786612.wav	119808	48000
common_voice_sv-SE_18741942.wav	108288	48000
common_voice_sv-SE_18762298.wav	150912	48000
common_voice_sv-SE_18762273.wav	116352	48000
common_voice_sv-SE_18748093.wav	109440	48000
common_voice_sv-SE_18853088.wav	135936	48000
common_voice_sv-SE_18741709.wav	162432	48000
common_voice_sv-SE_18742587.wav	119808	48000
common_voice_sv-SE_18845048.wav	119808	48000
common_voice_sv-SE_18712242.wav	178560	48000
common_voice_sv-SE_18742311.wav	114048	48000
common_voice_sv-SE_18754046.wav	459648	48000
common_voice_sv-SE_18707940.wav	279936	48000
common_voice_sv-SE_18855945.wav	147456	48000
common_voice_sv-SE_18860620.wav	134784	48000
common_voice_sv-SE_18715529.wav	157824	48000
common_voice_sv-SE_18845215.wav	87552	48000
common_voice_sv-SE_18742452.wav	150912	48000
common_voice_sv-SE_18858836.wav	142848	48000
common_voice_sv-SE_18858753.wav	102528	48000
common_voice_sv-SE_18741554.wav	125568	48000
common_voice_sv-SE_18745593.wav	131328	48000
common_voice_sv-SE_18786774.wav	145152	48000
common_voice_sv-SE_18741562.wav	160128	48000
common_voice_sv-SE_18843475.wav	146304	48000
common_voice_sv-SE_18762235.wav	200448	48000
common_voice_sv-SE_18762207.wav	131328	48000
common_voice_sv-SE_18843453.wav	147456	48000
common_voice_sv-SE_18741701.wav	145152	48000
common_voice_sv-SE_18845271.wav	91008	48000
common_voice_sv-SE_18844878.wav	110592	48000
common_voice_sv-SE_18843419.wav	164736	48000
common_voice_sv-SE_18860742.wav	141696	48000
common_voice_sv-SE_18770472.wav	131328	48000
common_voice_sv-SE_18748411.wav	132480	48000
common_voice_sv-SE_18748504.wav	103680	48000
common_voice_sv-SE_18774271.wav	192384	48000
common_voice_sv-SE_18748364.wav	180864	48000
common_voice_sv-SE_18748721.wav	117504	48000
common_voice_sv-SE_18851312.wav	140544	48000
common_voice_sv-SE_18845145.wav	114048	48000
common_voice_sv-SE_18715491.wav	202752	48000
common_voice_sv-SE_18742156.wav	110592	48000
common_voice_sv-SE_18774452.wav	95616	48000
common_voice_sv-SE_18780618.wav	148608	48000
common_voice_sv-SE_18712238.wav	126720	48000
common_voice_sv-SE_18748091.wav	145152	48000
common_voice_sv-SE_18831589.wav	110592	48000
common_voice_sv-SE_18741740.wav	133632	48000
common_voice_sv-SE_18741911.wav	127872	48000
common_voice_sv-SE_18844791.wav	142848	48000
common_voice_sv-SE_18741794.wav	154368	48000
common_voice_sv-SE_18856707.wav	235008	48000
common_voice_sv-SE_18780650.wav	162432	48000
common_voice_sv-SE_18858226.wav	131328	48000
common_voice_sv-SE_18847697.wav	104832	48000
common_voice_sv-SE_18742158.wav	125568	48000
common_voice_sv-SE_18748762.wav	112896	48000
common_voice_sv-SE_18762170.wav	114048	48000
common_voice_sv-SE_18845102.wav	87552	48000
common_voice_sv-SE_18741921.wav	119808	48000
common_voice_sv-SE_18845074.wav	139392	48000
common_voice_sv-SE_18848847.wav	208512	48000
common_voice_sv-SE_18861093.wav	138240	48000
common_voice_sv-SE_18844794.wav	156672	48000
common_voice_sv-SE_18715832.wav	110592	48000
common_voice_sv-SE_18745714.wav	139392	48000
common_voice_sv-SE_18775018.wav	127872	48000
common_voice_sv-SE_18742007.wav	162432	48000
common_voice_sv-SE_18754054.wav	329472	48000
common_voice_sv-SE_18856356.wav	262656	48000
common_voice_sv-SE_18748674.wav	192384	48000
common_voice_sv-SE_18715872.wav	125568	48000
common_voice_sv-SE_18858791.wav	131328	48000
common_voice_sv-SE_18860711.wav	154368	48000
common_voice_sv-SE_18860671.wav	163584	48000
common_voice_sv-SE_18775036.wav	116352	48000
common_voice_sv-SE_18845097.wav	263808	48000
common_voice_sv-SE_18775028.wav	156672	48000
common_voice_sv-SE_18851028.wav	125568	48000
common_voice_sv-SE_18786941.wav	114048	48000
common_voice_sv-SE_18741883.wav	162432	48000
common_voice_sv-SE_18843460.wav	131328	48000
common_voice_sv-SE_18712217.wav	161280	48000
common_voice_sv-SE_18746543.wav	283392	48000
common_voice_sv-SE_18742114.wav	114048	48000
common_voice_sv-SE_18851177.wav	208512	48000
common_voice_sv-SE_18741874.wav	196992	48000
common_voice_sv-SE_18741712.wav	131328	48000
common_voice_sv-SE_18711303.wav	277632	48000
common_voice_sv-SE_18852988.wav	148608	48000
common_voice_sv-SE_18852859.wav	111744	48000
common_voice_sv-SE_18844894.wav	139392	48000
common_voice_sv-SE_18762321.wav	119808	48000
common_voice_sv-SE_18845265.wav	122112	48000
common_voice_sv-SE_18741564.wav	171648	48000
common_voice_sv-SE_18710565.wav	180864	48000
common_voice_sv-SE_18736945.wav	150912	48000
common_voice_sv-SE_18856083.wav	127872	48000
common_voice_sv-SE_18845172.wav	160128	48000
common_voice_sv-SE_18845301.wav	165888	48000
common_voice_sv-SE_18774245.wav	132480	48000
common_voice_sv-SE_18746493.wav	292608	48000
common_voice_sv-SE_18762303.wav	139392	48000
common_voice_sv-SE_18853069.wav	112896	48000
common_voice_sv-SE_18860655.wav	132480	48000
common_voice_sv-SE_18741820.wav	122112	48000
common_voice_sv-SE_18831568.wav	164736	48000
common_voice_sv-SE_18745713.wav	179712	48000
common_voice_sv-SE_18858741.wav	162432	48000
common_voice_sv-SE_18860540.wav	160128	48000
common_voice_sv-SE_18712311.wav	135936	48000
common_voice_sv-SE_18741750.wav	185472	48000
common_voice_sv-SE_18742230.wav	119808	48000
common_voice_sv-SE_18754023.wav	114048	48000
common_voice_sv-SE_18715521.wav	147456	48000
common_voice_sv-SE_18741476.wav	104832	48000
common_voice_sv-SE_18715921.wav	119808	48000
common_voice_sv-SE_18741897.wav	119808	48000
common_voice_sv-SE_18844860.wav	110592	48000
common_voice_sv-SE_18786667.wav	122112	48000
common_voice_sv-SE_18741632.wav	102528	48000
common_voice_sv-SE_18775009.wav	148608	48000
common_voice_sv-SE_18741979.wav	108288	48000
common_voice_sv-SE_18742069.wav	96768	48000
common_voice_sv-SE_18855858.wav	266112	48000
common_voice_sv-SE_18845066.wav	99072	48000
common_voice_sv-SE_18742581.wav	185472	48000
common_voice_sv-SE_18775059.wav	110592	48000
common_voice_sv-SE_18861131.wav	148608	48000
common_voice_sv-SE_18851338.wav	118656	48000
common_voice_sv-SE_18710580.wav	127872	48000
common_voice_sv-SE_18741497.wav	114048	48000
common_voice_sv-SE_18855806.wav	131328	48000
common_voice_sv-SE_18762389.wav	131328	48000
common_voice_sv-SE_18742211.wav	139392	48000
common_voice_sv-SE_18761739.wav	107136	48000
common_voice_sv-SE_18748501.wav	154368	48000
common_voice_sv-SE_18711950.wav	132480	48000
common_voice_sv-SE_18854187.wav	126720	48000
common_voice_sv-SE_18715857.wav	171648	48000
common_voice_sv-SE_18762360.wav	148608	48000
common_voice_sv-SE_18761731.wav	110592	48000
common_voice_sv-SE_18745712.wav	192384	48000
common_voice_sv-SE_18844925.wav	122112	48000
common_voice_sv-SE_18858043.wav	154368	48000
common_voice_sv-SE_18847658.wav	191232	48000
common_voice_sv-SE_18742122.wav	108288	48000
common_voice_sv-SE_18851127.wav	122112	48000
common_voice_sv-SE_18748317.wav	154368	48000
common_voice_sv-SE_18848844.wav	154368	48000
common_voice_sv-SE_18711930.wav	127872	48000
common_voice_sv-SE_18762172.wav	110592	48000
common_voice_sv-SE_18774995.wav	137088	48000
common_voice_sv-SE_18775020.wav	119808	48000
common_voice_sv-SE_18780634.wav	148608	48000
common_voice_sv-SE_18856068.wav	221184	48000
common_voice_sv-SE_18742540.wav	183168	48000
common_voice_sv-SE_18742275.wav	206208	48000
common_voice_sv-SE_18857974.wav	379008	48000
common_voice_sv-SE_18855096.wav	173952	48000
common_voice_sv-SE_18741888.wav	110592	48000
common_voice_sv-SE_18746433.wav	127872	48000
common_voice_sv-SE_18711954.wav	156672	48000
common_voice_sv-SE_18855983.wav	157824	48000
common_voice_sv-SE_18860727.wav	160128	48000
common_voice_sv-SE_18715870.wav	152064	48000
common_voice_sv-SE_18712263.wav	133632	48000
common_voice_sv-SE_18745642.wav	154368	48000
common_voice_sv-SE_18775058.wav	145152	48000
common_voice_sv-SE_18845333.wav	79488	48000
common_voice_sv-SE_18786792.wav	119808	48000
common_voice_sv-SE_18742447.wav	137088	48000
common_voice_sv-SE_18775038.wav	154368	48000
common_voice_sv-SE_18748712.wav	180864	48000
common_voice_sv-SE_18762835.wav	248832	48000
common_voice_sv-SE_18852985.wav	277632	48000
common_voice_sv-SE_18710569.wav	111744	48000
common_voice_sv-SE_18860690.wav	160128	48000
common_voice_sv-SE_18847632.wav	125568	48000
common_voice_sv-SE_18774399.wav	129024	48000
common_voice_sv-SE_18741505.wav	131328	48000
common_voice_sv-SE_18845279.wav	122112	48000
common_voice_sv-SE_18786784.wav	139392	48000
common_voice_sv-SE_18845147.wav	76032	48000
common_voice_sv-SE_18712241.wav	180864	48000
common_voice_sv-SE_18742481.wav	110592	48000
common_voice_sv-SE_18775040.wav	142848	48000
common_voice_sv-SE_18743622.wav	97920	48000
common_voice_sv-SE_18843395.wav	220032	48000
common_voice_sv-SE_18742015.wav	127872	48000
common_voice_sv-SE_18754048.wav	129024	48000
common_voice_sv-SE_18858785.wav	137088	48000
common_voice_sv-SE_18852934.wav	112896	48000
common_voice_sv-SE_18780659.wav	148608	48000
common_voice_sv-SE_18754053.wav	144000	48000
common_voice_sv-SE_18742455.wav	116352	48000
common_voice_sv-SE_18856043.wav	116352	48000
common_voice_sv-SE_18861049.wav	146304	48000
common_voice_sv-SE_18850262.wav	139392	48000
common_voice_sv-SE_18843429.wav	124416	48000
common_voice_sv-SE_18780681.wav	142848	48000
common_voice_sv-SE_18762249.wav	139392	48000
common_voice_sv-SE_18847640.wav	220032	48000
common_voice_sv-SE_18741933.wav	110592	48000
common_voice_sv-SE_18860775.wav	165888	48000
common_voice_sv-SE_18715497.wav	169344	48000
common_voice_sv-SE_18715518.wav	145152	48000
common_voice_sv-SE_18845129.wav	91008	48000
common_voice_sv-SE_18762197.wav	217728	48000
common_voice_sv-SE_18774353.wav	139392	48000
common_voice_sv-SE_18741673.wav	165888	48000
common_voice_sv-SE_18844871.wav	168192	48000
common_voice_sv-SE_18853580.wav	144000	48000
common_voice_sv-SE_18762285.wav	115200	48000
common_voice_sv-SE_18844932.wav	208512	48000
common_voice_sv-SE_18762325.wav	150912	48000
common_voice_sv-SE_18736952.wav	139392	48000
common_voice_sv-SE_18858795.wav	125568	48000
common_voice_sv-SE_18845159.wav	188928	48000
common_voice_sv-SE_18741795.wav	122112	48000
common_voice_sv-SE_18741857.wav	122112	48000
common_voice_sv-SE_18715855.wav	137088	48000
common_voice_sv-SE_18854893.wav	110592	48000
common_voice_sv-SE_18748360.wav	237312	48000
common_voice_sv-SE_18847713.wav	96768	48000
common_voice_sv-SE_18747822.wav	194688	48000
common_voice_sv-SE_18745652.wav	231552	48000
common_voice_sv-SE_18741788.wav	131328	48000
common_voice_sv-SE_18844827.wav	102528	48000
common_voice_sv-SE_18786755.wav	145152	48000
common_voice_sv-SE_18774329.wav	110592	48000
common_voice_sv-SE_18843412.wav	124416	48000
common_voice_sv-SE_18851323.wav	148608	48000
common_voice_sv-SE_18741555.wav	131328	48000
common_voice_sv-SE_18853525.wav	188928	48000
common_voice_sv-SE_18845285.wav	142848	48000
common_voice_sv-SE_18741702.wav	122112	48000
common_voice_sv-SE_18745565.wav	130176	48000
common_voice_sv-SE_18748643.wav	122112	48000
common_voice_sv-SE_18786614.wav	137088	48000
common_voice_sv-SE_18748702.wav	190080	48000
common_voice_sv-SE_18715882.wav	171648	48000
common_voice_sv-SE_18762361.wav	177408	48000
common_voice_sv-SE_18713226.wav	130176	48000
common_voice_sv-SE_18845004.wav	99072	48000
common_voice_sv-SE_18860564.wav	156672	48000
common_voice_sv-SE_18780601.wav	220032	48000
common_voice_sv-SE_18843413.wav	130176	48000
common_voice_sv-SE_18741822.wav	243072	48000
common_voice_sv-SE_18845277.wav	125568	48000
common_voice_sv-SE_18710566.wav	124416	48000
common_voice_sv-SE_18712230.wav	164736	48000
common_voice_sv-SE_18851387.wav	118656	48000
common_voice_sv-SE_18741920.wav	160128	48000
common_voice_sv-SE_18860565.wav	190080	48000
common_voice_sv-SE_18844994.wav	133632	48000
common_voice_sv-SE_18774319.wav	182016	48000
common_voice_sv-SE_18856031.wav	210816	48000
common_voice_sv-SE_18713248.wav	193536	48000
common_voice_sv-SE_18742250.wav	114048	48000
common_voice_sv-SE_18851283.wav	203904	48000
common_voice_sv-SE_18742097.wav	150912	48000
common_voice_sv-SE_18860625.wav	108288	48000
common_voice_sv-SE_18843455.wav	276480	48000
common_voice_sv-SE_18742314.wav	110592	48000
common_voice_sv-SE_18742144.wav	114048	48000
common_voice_sv-SE_18896131.wav	229248	48000
common_voice_sv-SE_18747819.wav	277632	48000
common_voice_sv-SE_18741622.wav	119808	48000
common_voice_sv-SE_18732919.wav	150912	48000
common_voice_sv-SE_18858737.wav	139392	48000
common_voice_sv-SE_18762188.wav	183168	48000
common_voice_sv-SE_18748481.wav	148608	48000
common_voice_sv-SE_18748671.wav	140544	48000
common_voice_sv-SE_18741868.wav	137088	48000
common_voice_sv-SE_18845126.wav	108288	48000
common_voice_sv-SE_18741670.wav	220032	48000
common_voice_sv-SE_18845050.wav	127872	48000
common_voice_sv-SE_18736953.wav	185472	48000
common_voice_sv-SE_18742609.wav	206208	48000
common_voice_sv-SE_18860760.wav	148608	48000
common_voice_sv-SE_18742399.wav	122112	48000
common_voice_sv-SE_18855959.wav	140544	48000
common_voice_sv-SE_18851197.wav	176256	48000
common_voice_sv-SE_18742611.wav	145152	48000
common_voice_sv-SE_18844999.wav	110592	48000
common_voice_sv-SE_18851020.wav	177408	48000
common_voice_sv-SE_18742278.wav	194688	48000
common_voice_sv-SE_18754028.wav	171648	48000
common_voice_sv-SE_18742395.wav	154368	48000
common_voice_sv-SE_18858711.wav	188928	48000
common_voice_sv-SE_18786724.wav	119808	48000
common_voice_sv-SE_18844816.wav	114048	48000
common_voice_sv-SE_18845256.wav	87552	48000
common_voice_sv-SE_18715525.wav	130176	48000
common_voice_sv-SE_18748696.wav	120960	48000
common_voice_sv-SE_18748510.wav	202752	48000
common_voice_sv-SE_18780610.wav	258048	48000
common_voice_sv-SE_18762264.wav	179712	48000
common_voice_sv-SE_18860782.wav	129024	48000
common_voice_sv-SE_18754025.wav	126720	48000
common_voice_sv-SE_18845435.wav	133632	48000
common_voice_sv-SE_18741938.wav	116352	48000
common_voice_sv-SE_18715467.wav	141696	48000
common_voice_sv-SE_18762221.wav	125568	48000
common_voice_sv-SE_18762296.wav	108288	48000
common_voice_sv-SE_18741477.wav	127872	48000
common_voice_sv-SE_18831476.wav	95616	48000
common_voice_sv-SE_18855988.wav	213120	48000
common_voice_sv-SE_18831541.wav	175104	48000
common_voice_sv-SE_18845035.wav	96768	48000
common_voice_sv-SE_18715854.wav	144000	48000
common_voice_sv-SE_18715516.wav	125568	48000
common_voice_sv-SE_18855822.wav	177408	48000
common_voice_sv-SE_18774340.wav	194688	48000
common_voice_sv-SE_18742627.wav	122112	48000
common_voice_sv-SE_18860652.wav	185472	48000
common_voice_sv-SE_18743632.wav	176256	48000
common_voice_sv-SE_18844865.wav	142848	48000
common_voice_sv-SE_18742510.wav	104832	48000
common_voice_sv-SE_18848871.wav	163584	48000
common_voice_sv-SE_18845160.wav	171648	48000
common_voice_sv-SE_18844870.wav	116352	48000
common_voice_sv-SE_18762271.wav	142848	48000
common_voice_sv-SE_18742562.wav	127872	48000
common_voice_sv-SE_18852943.wav	162432	48000
common_voice_sv-SE_18770430.wav	185472	48000
common_voice_sv-SE_18847634.wav	137088	48000
common_voice_sv-SE_18861129.wav	144000	48000
common_voice_sv-SE_18844979.wav	173952	48000
common_voice_sv-SE_18845150.wav	139392	48000
common_voice_sv-SE_18927134.wav	266112	48000
common_voice_sv-SE_18748783.wav	118656	48000
common_voice_sv-SE_18741880.wav	165888	48000
common_voice_sv-SE_18710591.wav	133632	48000
common_voice_sv-SE_18712312.wav	156672	48000
common_voice_sv-SE_18860753.wav	165888	48000
common_voice_sv-SE_18831535.wav	228096	48000
common_voice_sv-SE_18853072.wav	112896	48000
common_voice_sv-SE_18742203.wav	116352	48000
common_voice_sv-SE_18742248.wav	220032	48000
common_voice_sv-SE_18748713.wav	193536	48000
common_voice_sv-SE_18762236.wav	188928	48000
common_voice_sv-SE_18762178.wav	127872	48000
common_voice_sv-SE_18742377.wav	119808	48000
common_voice_sv-SE_18715520.wav	246528	48000
common_voice_sv-SE_18770448.wav	202752	48000
common_voice_sv-SE_18742178.wav	217728	48000
common_voice_sv-SE_18741749.wav	160128	48000
common_voice_sv-SE_18745711.wav	160128	48000
common_voice_sv-SE_18711295.wav	194688	48000
common_voice_sv-SE_18742194.wav	125568	48000
common_voice_sv-SE_18774983.wav	148608	48000
common_voice_sv-SE_18748759.wav	140544	48000
common_voice_sv-SE_18741529.wav	133632	48000
common_voice_sv-SE_18856025.wav	131328	48000
common_voice_sv-SE_18855897.wav	131328	48000
common_voice_sv-SE_18845484.wav	102528	48000
common_voice_sv-SE_18853089.wav	104832	48000
common_voice_sv-SE_18741785.wav	127872	48000
common_voice_sv-SE_18742578.wav	116352	48000
common_voice_sv-SE_18853568.wav	245376	48000
common_voice_sv-SE_18786622.wav	145152	48000
common_voice_sv-SE_18761769.wav	117504	48000
common_voice_sv-SE_18853584.wav	172800	48000
common_voice_sv-SE_18742159.wav	93312	48000
common_voice_sv-SE_18927142.wav	202752	48000
common_voice_sv-SE_18748717.wav	101376	48000
common_voice_sv-SE_18741864.wav	116352	48000
common_voice_sv-SE_18741896.wav	122112	48000
common_voice_sv-SE_18770481.wav	173952	48000
common_voice_sv-SE_18844852.wav	119808	48000
common_voice_sv-SE_18741580.wav	122112	48000
common_voice_sv-SE_18774288.wav	195840	48000
common_voice_sv-SE_18855098.wav	99072	48000
common_voice_sv-SE_18742147.wav	154368	48000
common_voice_sv-SE_18713238.wav	164736	48000
common_voice_sv-SE_18831488.wav	239616	48000
common_voice_sv-SE_18762218.wav	156672	48000
common_voice_sv-SE_18742729.wav	153216	48000
common_voice_sv-SE_18741873.wav	179712	48000
common_voice_sv-SE_18742543.wav	116352	48000
common_voice_sv-SE_18844835.wav	223488	48000
common_voice_sv-SE_18711932.wav	206208	48000
common_voice_sv-SE_18877958.wav	395136	48000
common_voice_sv-SE_18712219.wav	153216	48000
common_voice_sv-SE_18748431.wav	137088	48000
common_voice_sv-SE_18742315.wav	122112	48000
common_voice_sv-SE_18748371.wav	114048	48000
common_voice_sv-SE_18774306.wav	114048	48000
common_voice_sv-SE_18844924.wav	122112	48000
common_voice_sv-SE_18844790.wav	183168	48000
common_voice_sv-SE_18844996.wav	171648	48000
common_voice_sv-SE_18715506.wav	245376	48000
common_voice_sv-SE_18775016.wav	150912	48000
common_voice_sv-SE_18742141.wav	148608	48000
common_voice_sv-SE_18855972.wav	164736	48000
common_voice_sv-SE_18748714.wav	130176	48000
common_voice_sv-SE_18896134.wav	210816	48000
common_voice_sv-SE_18853076.wav	96768	48000
common_voice_sv-SE_18742421.wav	177408	48000
common_voice_sv-SE_18732911.wav	112896	48000
common_voice_sv-SE_18844872.wav	137088	48000
common_voice_sv-SE_18844874.wav	96768	48000
common_voice_sv-SE_18741741.wav	110592	48000
common_voice_sv-SE_18851311.wav	214272	48000
common_voice_sv-SE_18845314.wav	133632	48000
common_voice_sv-SE_18853577.wav	160128	48000
common_voice_sv-SE_18741819.wav	173952	48000
common_voice_sv-SE_18742287.wav	102528	48000
common_voice_sv-SE_18741644.wav	114048	48000
common_voice_sv-SE_18742484.wav	108288	48000
common_voice_sv-SE_18780633.wav	214272	48000
common_voice_sv-SE_18748427.wav	214272	48000
common_voice_sv-SE_18741893.wav	160128	48000
common_voice_sv-SE_18742180.wav	145152	48000
common_voice_sv-SE_18745532.wav	169344	48000
common_voice_sv-SE_18774318.wav	139392	48000
common_voice_sv-SE_18845204.wav	116352	48000
common_voice_sv-SE_18844876.wav	81792	48000
common_voice_sv-SE_18748724.wav	103680	48000
common_voice_sv-SE_18762169.wav	217728	48000
common_voice_sv-SE_18742057.wav	122112	48000
common_voice_sv-SE_18858831.wav	165888	48000
common_voice_sv-SE_18845189.wav	91008	48000
common_voice_sv-SE_18748499.wav	118656	48000
common_voice_sv-SE_18748720.wav	116352	48000
common_voice_sv-SE_18711974.wav	196992	48000
common_voice_sv-SE_18715907.wav	135936	48000
common_voice_sv-SE_18737942.wav	162432	48000
common_voice_sv-SE_18890414.wav	130176	48000
common_voice_sv-SE_18845412.wav	96768	48000
common_voice_sv-SE_18845214.wav	85248	48000
common_voice_sv-SE_18741752.wav	142848	48000
common_voice_sv-SE_18786912.wav	137088	48000
common_voice_sv-SE_18923764.wav	148608	48000
common_voice_sv-SE_18851190.wav	260352	48000
common_voice_sv-SE_18774315.wav	133632	48000
common_voice_sv-SE_18742102.wav	102528	48000
common_voice_sv-SE_18762339.wav	108288	48000
common_voice_sv-SE_18845257.wav	137088	48000
common_voice_sv-SE_18860674.wav	116352	48000
common_voice_sv-SE_18737931.wav	119808	48000
common_voice_sv-SE_18852926.wav	130176	48000
common_voice_sv-SE_18761771.wav	193536	48000
common_voice_sv-SE_18754019.wav	188928	48000
common_voice_sv-SE_18741825.wav	177408	48000
common_voice_sv-SE_18742633.wav	125568	48000
common_voice_sv-SE_18847708.wav	119808	48000
common_voice_sv-SE_18748449.wav	208512	48000
common_voice_sv-SE_18860743.wav	157824	48000
common_voice_sv-SE_18860728.wav	180864	48000
common_voice_sv-SE_18851241.wav	109440	48000
common_voice_sv-SE_18856367.wav	149760	48000
common_voice_sv-SE_18770442.wav	171648	48000
common_voice_sv-SE_18748509.wav	157824	48000
common_voice_sv-SE_18845138.wav	93312	48000
common_voice_sv-SE_18847696.wav	119808	48000
common_voice_sv-SE_18741765.wav	148608	48000
common_voice_sv-SE_18763570.wav	131328	48000
common_voice_sv-SE_18742602.wav	125568	48000
common_voice_sv-SE_18743608.wav	105984	48000
common_voice_sv-SE_18748752.wav	186624	48000
common_voice_sv-SE_18741849.wav	148608	48000
common_voice_sv-SE_18762304.wav	170496	48000
common_voice_sv-SE_18711942.wav	126720	48000
common_voice_sv-SE_18845031.wav	122112	48000
common_voice_sv-SE_18741895.wav	114048	48000
common_voice_sv-SE_18742378.wav	110592	48000
common_voice_sv-SE_18748786.wav	213120	48000
common_voice_sv-SE_18742541.wav	154368	48000
common_voice_sv-SE_18860778.wav	131328	48000
common_voice_sv-SE_18715933.wav	138240	48000
common_voice_sv-SE_18742288.wav	102528	48000
common_voice_sv-SE_18741963.wav	114048	48000
common_voice_sv-SE_18845406.wav	125568	48000
common_voice_sv-SE_18712283.wav	117504	48000
common_voice_sv-SE_18762366.wav	161280	48000
common_voice_sv-SE_18856711.wav	205056	48000
common_voice_sv-SE_18748006.wav	108288	48000
common_voice_sv-SE_18847844.wav	150912	48000
common_voice_sv-SE_18742021.wav	108288	48000
common_voice_sv-SE_18770441.wav	102528	48000
common_voice_sv-SE_18712224.wav	142848	48000
common_voice_sv-SE_18741812.wav	154368	48000
common_voice_sv-SE_18831516.wav	139392	48000
common_voice_sv-SE_18861033.wav	105984	48000
common_voice_sv-SE_18851270.wav	224640	48000
common_voice_sv-SE_18745592.wav	158976	48000
common_voice_sv-SE_18860734.wav	229248	48000
common_voice_sv-SE_18847869.wav	191232	48000
common_voice_sv-SE_18741635.wav	208512	48000
common_voice_sv-SE_18742119.wav	171648	48000
common_voice_sv-SE_18831536.wav	145152	48000
common_voice_sv-SE_18762202.wav	142848	48000
common_voice_sv-SE_18844941.wav	122112	48000
common_voice_sv-SE_18717023.wav	157824	48000
common_voice_sv-SE_18741833.wav	142848	48000
common_voice_sv-SE_18844862.wav	93312	48000
common_voice_sv-SE_18797081.wav	269568	48000
common_voice_sv-SE_18845133.wav	87552	48000
common_voice_sv-SE_18742031.wav	150912	48000
common_voice_sv-SE_18856065.wav	112896	48000
common_voice_sv-SE_18851335.wav	138240	48000
common_voice_sv-SE_18845424.wav	114048	48000
common_voice_sv-SE_18843428.wav	78336	48000
common_voice_sv-SE_18742430.wav	127872	48000
common_voice_sv-SE_18745584.wav	190080	48000
common_voice_sv-SE_18845303.wav	85248	48000
common_voice_sv-SE_18775051.wav	108288	48000
common_voice_sv-SE_18850870.wav	156672	48000
common_voice_sv-SE_18853573.wav	231552	48000
common_voice_sv-SE_18745555.wav	120960	48000
common_voice_sv-SE_18856368.wav	147456	48000
common_voice_sv-SE_18715851.wav	131328	48000
common_voice_sv-SE_18742408.wav	110592	48000
common_voice_sv-SE_18741557.wav	133632	48000
common_voice_sv-SE_18845298.wav	173952	48000
common_voice_sv-SE_18742263.wav	139392	48000
common_voice_sv-SE_18754018.wav	196992	48000
common_voice_sv-SE_18831518.wav	139392	48000
common_voice_sv-SE_18855094.wav	139392	48000
common_voice_sv-SE_18844890.wav	102528	48000
common_voice_sv-SE_18853572.wav	226944	48000
common_voice_sv-SE_18845258.wav	108288	48000
common_voice_sv-SE_18717011.wav	185472	48000
common_voice_sv-SE_18741944.wav	122112	48000
common_voice_sv-SE_18858783.wav	185472	48000
common_voice_sv-SE_18710568.wav	140544	48000
common_voice_sv-SE_18845194.wav	137088	48000
common_voice_sv-SE_18851022.wav	160128	48000
common_voice_sv-SE_18742246.wav	96768	48000
common_voice_sv-SE_18774261.wav	130176	48000
common_voice_sv-SE_18742429.wav	139392	48000
common_voice_sv-SE_18715932.wav	202752	48000
common_voice_sv-SE_18845173.wav	104832	48000
common_voice_sv-SE_18847610.wav	191232	48000
common_voice_sv-SE_18858756.wav	116352	48000
common_voice_sv-SE_18770447.wav	168192	48000
common_voice_sv-SE_18844858.wav	99072	48000
common_voice_sv-SE_18741486.wav	125568	48000
common_voice_sv-SE_18786741.wav	122112	48000
common_voice_sv-SE_18715931.wav	116352	48000
common_voice_sv-SE_18774459.wav	157824	48000
common_voice_sv-SE_18844981.wav	87552	48000
common_voice_sv-SE_18860692.wav	161280	48000
common_voice_sv-SE_18847637.wav	139392	48000
common_voice_sv-SE_18844942.wav	154368	48000
common_voice_sv-SE_18742310.wav	116352	48000
common_voice_sv-SE_18856066.wav	130176	48000
common_voice_sv-SE_18741797.wav	127872	48000
common_voice_sv-SE_18860781.wav	254592	48000
common_voice_sv-SE_18846204.wav	225792	48000
common_voice_sv-SE_18845082.wav	96768	48000
common_voice_sv-SE_18761713.wav	154368	48000
common_voice_sv-SE_18746544.wav	183168	48000
common_voice_sv-SE_18715524.wav	124416	48000
common_voice_sv-SE_18742606.wav	131328	48000
common_voice_sv-SE_18845218.wav	171648	48000
common_voice_sv-SE_18860708.wav	217728	48000
common_voice_sv-SE_18786808.wav	133632	48000
common_voice_sv-SE_18775044.wav	116352	48000
common_voice_sv-SE_18748668.wav	132480	48000
common_voice_sv-SE_18745722.wav	133632	48000
common_voice_sv-SE_18845046.wav	87552	48000
common_voice_sv-SE_18845464.wav	110592	48000
common_voice_sv-SE_18754022.wav	169344	48000
common_voice_sv-SE_18844808.wav	171648	48000
common_voice_sv-SE_18775024.wav	93312	48000
common_voice_sv-SE_18856082.wav	153216	48000
common_voice_sv-SE_18851140.wav	149760	48000
common_voice_sv-SE_18715901.wav	108288	48000
common_voice_sv-SE_18858041.wav	171648	48000
common_voice_sv-SE_18853593.wav	176256	48000
common_voice_sv-SE_18860745.wav	211968	48000
common_voice_sv-SE_18741829.wav	127872	48000
common_voice_sv-SE_18770483.wav	214272	48000
common_voice_sv-SE_18746513.wav	114048	48000
common_voice_sv-SE_18843459.wav	154368	48000
common_voice_sv-SE_18743629.wav	99072	48000
common_voice_sv-SE_18732904.wav	176256	48000
common_voice_sv-SE_18713235.wav	137088	48000
common_voice_sv-SE_18858732.wav	202752	48000
common_voice_sv-SE_18748782.wav	118656	48000
common_voice_sv-SE_18850860.wav	185472	48000
common_voice_sv-SE_18851156.wav	124416	48000
common_voice_sv-SE_18860707.wav	213120	48000
common_voice_sv-SE_18858736.wav	160128	48000
common_voice_sv-SE_18843448.wav	178560	48000
common_voice_sv-SE_18856062.wav	164736	48000
common_voice_sv-SE_18774992.wav	114048	48000
common_voice_sv-SE_18741927.wav	150912	48000
